,Negativo,Neutral,Positivo,Sentimiento-Medio
cluster-0,20637.0,18278.0,32587.0,0.10431604430645297
cluster-1,25661.0,30838.0,35850.0,0.07199286510953017
cluster-2,12200.0,9916.0,15841.0,0.06099245988882156
