,Negativo,Neutral,Positivo,Sentimiento-Medio
cluster-0,26614.0,26769.0,41727.0,0.09790055409525815
cluster-1,31884.0,32263.0,42551.0,0.06664646010234494
