,Negativo,Neutral,Positivo,Sentimiento-Medio
cluster-0,21847.0,30561.0,26515.0,0.04018449374706993
cluster-1,36651.0,28471.0,57763.0,0.10783158969768483
