,Negativo,Neutral,Positivo,Sentimiento-Medio
cluster-0,16771.0,16907.0,24262.0,0.06990571625819814
cluster-1,14940.0,22171.0,17259.0,0.03507395622585985
cluster-2,26787.0,19954.0,42757.0,0.11693062973474266
